state,district,locality,category,metric_name,functional_phc_readiness_pct,unit,year,period,source_reference,notes
Bihar,Gaya,,Healthcare,Primary Health Centres with Basic Infrastructure (%),62.5,%,2024,2024-Q1,OGD-MoHFW-RHS-2024-BR-01,Magadh division rural health facilities survey
Bihar,Patna,,Healthcare,Primary Health Centres with Basic Infrastructure (%),78.0,%,2024,2024-Q1,OGD-MoHFW-RHS-2024-BR-02,Capital district public health network
Gujarat,Ahmedabad,,Healthcare,Primary Health Centres with Basic Infrastructure (%),94.2,%,2024,2024-Q1,OGD-MoHFW-RHS-2024-GJ-01,Urban periphery and rural PHC network
Gujarat,Rajkot,,Healthcare,Primary Health Centres with Basic Infrastructure (%),88.6,%,2024,2024-Q1,OGD-MoHFW-RHS-2024-GJ-02,Saurashtra functional facility baseline
Karnataka,Bangalore Rural,,Healthcare,Primary Health Centres with Basic Infrastructure (%),91.0,%,2024,2024-Q1,OGD-MoHFW-RHS-2024-KA-01,Peri-urban primary healthcare network
Karnataka,Belagavi,,Healthcare,Primary Health Centres with Basic Infrastructure (%),79.5,%,2024,2024-Q1,OGD-MoHFW-RHS-2024-KA-02,North Karnataka health network
Karnataka,Kalaburagi,,Healthcare,Primary Health Centres with Basic Infrastructure (%),67.3,%,2024,2024-Q1,OGD-MoHFW-RHS-2024-KA-03,Kalyana Karnataka health infrastructure audit
Maharashtra,Dharashiv,,Healthcare,Primary Health Centres with Basic Infrastructure (%),54.2,%,2024,2024-Q1,OGD-MoHFW-RHS-2024-MH-01,Marathwada dry zone primary health centres with 24x7 water and power
Maharashtra,Pune,,Healthcare,Primary Health Centres with Basic Infrastructure (%),86.4,%,2024,2024-Q1,OGD-MoHFW-RHS-2024-MH-02,Western Maharashtra district network
Maharashtra,Nashik,,Healthcare,Primary Health Centres with Basic Infrastructure (%),74.8,%,2024,2024-Q1,OGD-MoHFW-RHS-2024-MH-03,Tribal block primary health infrastructure
Maharashtra,Nagpur,,Healthcare,Primary Health Centres with Basic Infrastructure (%),87.1,%,2024,2024-Q1,OGD-MoHFW-RHS-2024-MH-04,Vidarbha regional healthcare centre
Maharashtra,Nanded,,Healthcare,Primary Health Centres with Basic Infrastructure (%),61.9,%,2024,2024-Q1,OGD-MoHFW-RHS-2024-MH-05,Marathwada peripheral clinic network
Madhya Pradesh,Bhopal,,Healthcare,Primary Health Centres with Basic Infrastructure (%),76.2,%,2024,2024-Q1,OGD-MoHFW-RHS-2024-MP-01,Central MP primary healthcare audit
Madhya Pradesh,Indore,,Healthcare,Primary Health Centres with Basic Infrastructure (%),82.5,%,2024,2024-Q1,OGD-MoHFW-RHS-2024-MP-02,Malwa health facilities baseline
Odisha,Cuttack,,Healthcare,Primary Health Centres with Basic Infrastructure (%),73.4,%,2024,2024-Q1,OGD-MoHFW-RHS-2024-OD-01,Coastal Odisha PHC audit
Odisha,Khordha,,Healthcare,Primary Health Centres with Basic Infrastructure (%),81.0,%,2024,2024-Q1,OGD-MoHFW-RHS-2024-OD-02,Capital district health infrastructure
Rajasthan,Jaipur,,Healthcare,Primary Health Centres with Basic Infrastructure (%),65.0,%,2024,2024-Q1,OGD-MoHFW-RHS-2024-RJ-01,Eastern Rajasthan rural health baseline
Rajasthan,Jodhpur,,Healthcare,Primary Health Centres with Basic Infrastructure (%),58.3,%,2024,2024-Q1,OGD-MoHFW-RHS-2024-RJ-02,Arid zone health facility readiness
Tamil Nadu,Chennai,,Healthcare,Primary Health Centres with Basic Infrastructure (%),98.0,%,2024,2024-Q1,OGD-MoHFW-RHS-2024-TN-01,Urban primary health centres network
Tamil Nadu,Coimbatore,,Healthcare,Primary Health Centres with Basic Infrastructure (%),93.5,%,2024,2024-Q1,OGD-MoHFW-RHS-2024-TN-02,Western TN health infrastructure
Uttar Pradesh,Varanasi,,Healthcare,Primary Health Centres with Basic Infrastructure (%),75.4,%,2024,2024-Q1,OGD-MoHFW-RHS-2024-UP-01,Purvanchal primary health network
Uttar Pradesh,Lucknow,,Healthcare,Primary Health Centres with Basic Infrastructure (%),80.2,%,2024,2024-Q1,OGD-MoHFW-RHS-2024-UP-02,Central UP rural health centres
Uttar Pradesh,Gorakhpur,,Healthcare,Primary Health Centres with Basic Infrastructure (%),71.6,%,2024,2024-Q1,OGD-MoHFW-RHS-2024-UP-03,Eastern UP rural health infrastructure
West Bengal,Kolkata,,Healthcare,Primary Health Centres with Basic Infrastructure (%),92.8,%,2024,2024-Q1,OGD-MoHFW-RHS-2024-WB-01,Peri-urban primary health centres
West Bengal,Darjeeling,,Healthcare,Primary Health Centres with Basic Infrastructure (%),59.1,%,2024,2024-Q1,OGD-MoHFW-RHS-2024-WB-02,Hill terrain rural primary health centres
